Game,Login,NickName,Rank,Max,Record,Mode,CPs,MapCPs,Challenge,Envir,RecordDate,MapUID
TMU,lego_ferry_2,הѕс¬Ғеяяу»Law.,26,30,15.6,TAttack,5,5/5,Very Short *GoodBye*,Stadium,2025-08-21 09:28:57,hWVxbxwZQg_l0Lx28pCZ6L9AIF1
TMU,xxgammelhdxx,ĊĦ » tj!ッ,6,30,15.57,TAttack,5,5/5,Very Short *GoodBye*,Stadium,2025-02-09 22:16:06,hWVxbxwZQg_l0Lx28pCZ6L9AIF1
TMU,dimidrol88,dimi,11,30,15.58,TAttack,5,5/5,Very Short *GoodBye*,Stadium,2024-12-27 15:40:59,hWVxbxwZQg_l0Lx28pCZ6L9AIF1
TMU,bananaapple,ĊĦ » bananaapple,19,30,15.59,TAttack,5,5/5,Very Short *GoodBye*,Stadium,2024-10-24 14:54:46,hWVxbxwZQg_l0Lx28pCZ6L9AIF1
TMU,vigsson,vig old¹,10,30,15.58,TAttack,5,5/5,Very Short *GoodBye*,Stadium,2024-09-26 13:02:37,hWVxbxwZQg_l0Lx28pCZ6L9AIF1
TMU,vin78,הѕс¬ chinese are watching,18,30,15.59,TAttack,5,5/5,Very Short *GoodBye*,Stadium,2024-08-31 22:28:26,hWVxbxwZQg_l0Lx28pCZ6L9AIF1
TMU,yohanm77,הѕс ¬ wosile,25,30,15.6,TAttack,5,5/5,Very Short *GoodBye*,Stadium,2024-08-31 22:28:26,hWVxbxwZQg_l0Lx28pCZ6L9AIF1
TMU,jaxtm,ѕнιғт.Ratchet | мр,24,30,15.6,TAttack,5,5/5,Very Short *GoodBye*,Stadium,2024-05-24 07:43:10,hWVxbxwZQg_l0Lx28pCZ6L9AIF1
TMU,narcorek,LeG〢Narcor »Яםח«,9,30,15.58,TAttack,5,5/5,Very Short *GoodBye*,Stadium,2023-08-18 17:10:41,hWVxbxwZQg_l0Lx28pCZ6L9AIF1
TMU,brunobranco32,нот///ηG²¹ вяаисο <5,17,30,15.59,TAttack,5,5/5,Very Short *GoodBye*,Stadium,2022-12-27 01:22:21,hWVxbxwZQg_l0Lx28pCZ6L9AIF1
TMU,fixa02,H1.tmen.fixor!,31,40,15.69,TAttack,5,5/5,Very Short *GoodBye*,Stadium,2022-11-27 19:43:39,hWVxbxwZQg_l0Lx28pCZ6L9AIF1
TMU,sweetcorner,Јғғ.- ebo,8,30,15.58,TAttack,5,5/5,Very Short *GoodBye*,Stadium,2022-07-18 20:05:51,hWVxbxwZQg_l0Lx28pCZ6L9AIF1
TMU,fish___chips,הѕс ¬ Ѕоғт.*,4,30,15.55,TAttack,5,5/5,Very Short *GoodBye*,Stadium,2022-06-09 10:24:49,hWVxbxwZQg_l0Lx28pCZ6L9AIF1
TMU,rus_mischa,LeG〢SucXceS,16,30,15.59,TAttack,5,5/5,Very Short *GoodBye*,Stadium,2022-01-21 20:13:20,hWVxbxwZQg_l0Lx28pCZ6L9AIF1
TMU,lahme_ente_08_15,Hyker///нот,23,30,15.6,TAttack,5,5/5,Very Short *GoodBye*,Stadium,2022-01-14 15:42:16,hWVxbxwZQg_l0Lx28pCZ6L9AIF1
TMU,marmerladi,Marmerladi,5,30,15.57,TAttack,5,5/5,Very Short *GoodBye*,Stadium,2021-12-17 16:09:01,hWVxbxwZQg_l0Lx28pCZ6L9AIF1
TMU,1king97,Сяс King,15,30,15.59,TAttack,5,5/5,Very Short *GoodBye*,Stadium,2021-11-30 19:42:50,hWVxbxwZQg_l0Lx28pCZ6L9AIF1
TMU,eprotizuu,eprotizuu,2,30,15.54,TAttack,5,5/5,Very Short *GoodBye*,Stadium,2021-09-20 00:01:41,hWVxbxwZQg_l0Lx28pCZ6L9AIF1
TMU,nici0903,Hèिést,22,30,15.6,TAttack,5,5/5,Very Short *GoodBye*,Stadium,2021-09-12 21:21:25,hWVxbxwZQg_l0Lx28pCZ6L9AIF1
TMU,stippah,הѕс ¬ kidcasi,21,30,15.6,TAttack,5,5/5,Very Short *GoodBye*,Stadium,2020-11-30 20:58:21,hWVxbxwZQg_l0Lx28pCZ6L9AIF1
TMU,temptationicecream,Holland on Top,30,30,15.61,TAttack,5,5/5,Very Short *GoodBye*,Stadium,2020-02-19 19:33:40,hWVxbxwZQg_l0Lx28pCZ6L9AIF1
TMU,darkevile,Nexus,1,30,15.53,TAttack,5,5/5,Very Short *GoodBye*,Stadium,2017-09-04 12:29:12,hWVxbxwZQg_l0Lx28pCZ6L9AIF1
TMU,remix59551,הѕс CobesS,3,30,15.55,TAttack,5,5/5,Very Short *GoodBye*,Stadium,2017-09-04 12:29:12,hWVxbxwZQg_l0Lx28pCZ6L9AIF1
TMU,yannig62100,extraa,29,30,15.61,TAttack,5,5/5,Very Short *GoodBye*,Stadium,2017-08-28 15:36:48,hWVxbxwZQg_l0Lx28pCZ6L9AIF1
TMU,v3tt3l_ger_,๏הє.।M!cZor¬ѕаχ,20,30,15.6,TAttack,5,5/5,Very Short *GoodBye*,Stadium,2017-08-28 15:31:12,hWVxbxwZQg_l0Lx28pCZ6L9AIF1
TMU,jonaspt99,»тят Аяĭеυġоŋ,7,30,15.58,TAttack,5,5/5,Very Short *GoodBye*,Stadium,2017-07-07 01:31:23,hWVxbxwZQg_l0Lx28pCZ6L9AIF1
TMU,jorgono,νѕρ.Anipla|ғฟ๏,14,30,15.59,TAttack,5,5/5,Very Short *GoodBye*,Stadium,2016-12-30 19:05:27,hWVxbxwZQg_l0Lx28pCZ6L9AIF1
TMU,jack1998-1998,ғฟ๏.Rollin ¬ Law,13,30,15.59,TAttack,5,5/5,Very Short *GoodBye*,Stadium,2015-06-21 00:24:25,hWVxbxwZQg_l0Lx28pCZ6L9AIF1
TMU,imkaansizlar_prensi,«〶®¹» vixon¹³.ω๏,32,100,15.95,TAttack,5,5/5,Very Short *GoodBye*,Stadium,2014-01-04 20:41:33,hWVxbxwZQg_l0Lx28pCZ6L9AIF1
TMU,braid65,הѕс¬Ѕαтινα,12,30,15.59,TAttack,5,5/5,Very Short *GoodBye*,Stadium,2013-06-30 20:36:14,hWVxbxwZQg_l0Lx28pCZ6L9AIF1
TMU,predator_one,הѕс¬  aしy,28,30,15.61,TAttack,5,5/5,Very Short *GoodBye*,Stadium,2013-06-26 15:15:00,hWVxbxwZQg_l0Lx28pCZ6L9AIF1
TMU,karjen93,4W : : KarjeN,27,30,15.61,TAttack,5,5/5,Very Short *GoodBye*,Stadium,2009-12-22 01:00:49,hWVxbxwZQg_l0Lx28pCZ6L9AIF1
TMU,satanas99,ѕωα 〤ЅатаиаЅ〤ЈΛŦ,29,30,12.28,TAttack,3,3/3,Very Short *5*,Stadium,2025-05-06 16:12:48,fa1sZfatXQjBA9mByvQTWd7lYS2
TMU,aynyx.2,Law'''Aynyxamer,26,30,12.27,TAttack,3,3/3,Very Short *5*,Stadium,2025-03-13 02:31:51,fa1sZfatXQjBA9mByvQTWd7lYS2
TMU,audirs6__,Nikk,25,30,12.27,TAttack,3,3/3,Very Short *5*,Stadium,2022-09-24 19:51:10,fa1sZfatXQjBA9mByvQTWd7lYS2
TMU,knuty_,Nøbødy,13,30,12.21,TAttack,3,3/3,Very Short *5*,Stadium,2022-03-30 06:53:12,fa1sZfatXQjBA9mByvQTWd7lYS2
TMU,_s_w_fffm4a1_airsoft,mrX,22,30,12.26,TAttack,3,3/3,Very Short *5*,Stadium,2021-09-05 18:14:00,fa1sZfatXQjBA9mByvQTWd7lYS2
TMU,dennis090,fwdennis090o,20,30,12.25,TAttack,3,3/3,Very Short *5*,Stadium,2021-07-16 17:20:49,fa1sZfatXQjBA9mByvQTWd7lYS2
TMU,plastikkk,Furax,24,30,12.27,TAttack,3,3/3,Very Short *5*,Stadium,2021-06-25 11:05:51,fa1sZfatXQjBA9mByvQTWd7lYS2
TMU,akiro3,pulse.Akiro.,28,30,12.28,TAttack,3,3/3,Very Short *5*,Stadium,2021-02-09 14:23:40,fa1sZfatXQjBA9mByvQTWd7lYS2
TMU,yohanm77,הѕс ¬ wosile,5,30,12.07,TAttack,3,3/3,Very Short *5*,Stadium,2019-08-18 13:44:24,fa1sZfatXQjBA9mByvQTWd7lYS2
TMU,vin78,הѕс¬ chinese are watching,11,30,12.2,TAttack,3,3/3,Very Short *5*,Stadium,2019-08-18 13:44:24,fa1sZfatXQjBA9mByvQTWd7lYS2
TMU,clemhugo,νѕρ.иσ меαи!,18,30,12.24,TAttack,3,3/3,Very Short *5*,Stadium,2018-10-02 20:42:38,fa1sZfatXQjBA9mByvQTWd7lYS2
TMU,sashapater,NSC AYAKO SNV,6,30,12.12,TAttack,3,3/3,Very Short *5*,Stadium,2017-09-21 17:53:02,fa1sZfatXQjBA9mByvQTWd7lYS2
TMU,lionblade,Ңק4»lionblade,4,30,12.02,TAttack,3,3/3,Very Short *5*,Stadium,2016-01-09 21:42:41,fa1sZfatXQjBA9mByvQTWd7lYS2
TMU,jorgono,νѕρ.Anipla|ғฟ๏,2,30,11.98,TAttack,3,3/3,Very Short *5*,Stadium,2015-12-24 13:41:13,fa1sZfatXQjBA9mByvQTWd7lYS2
TMU,kelpix,kelpix,17,30,12.24,TAttack,3,3/3,Very Short *5*,Stadium,2015-10-12 17:21:13,fa1sZfatXQjBA9mByvQTWd7lYS2
TMU,cara_careta,νѕρ. :),8,30,12.16,TAttack,3,3/3,Very Short *5*,Stadium,2015-06-24 12:57:30,fa1sZfatXQjBA9mByvQTWd7lYS2
TMU,darkevile,Nexus,19,30,12.25,TAttack,3,3/3,Very Short *5*,Stadium,2015-04-04 19:14:47,fa1sZfatXQjBA9mByvQTWd7lYS2
TMU,braid65,הѕс¬Ѕαтινα,1,30,11.91,TAttack,3,3/3,Very Short *5*,Stadium,2014-06-05 22:44:48,fa1sZfatXQjBA9mByvQTWd7lYS2
TMU,predator_one,הѕс¬  aしy,3,30,11.99,TAttack,3,3/3,Very Short *5*,Stadium,2014-06-05 22:44:48,fa1sZfatXQjBA9mByvQTWd7lYS2
TMU,footballer1693,νѕρ.ѕиєтту.,12,30,12.21,TAttack,3,3/3,Very Short *5*,Stadium,2014-02-18 21:55:50,fa1sZfatXQjBA9mByvQTWd7lYS2
TMU,jetcrus11,Uηiτεd।।EricK,10,30,12.18,TAttack,3,3/3,Very Short *5*,Stadium,2013-07-21 23:08:33,fa1sZfatXQjBA9mByvQTWd7lYS2
TMU,mik0256190,נин〤mìkou,9,30,12.18,TAttack,3,3/3,Very Short *5*,Stadium,2012-06-25 20:31:20,fa1sZfatXQjBA9mByvQTWd7lYS2
TMU,extremfast,Steph :D,16,30,12.24,TAttack,3,3/3,Very Short *5*,Stadium,2012-01-16 16:35:25,fa1sZfatXQjBA9mByvQTWd7lYS2
TMU,chris_ri,»Luffy,7,30,12.13,TAttack,3,3/3,Very Short *5*,Stadium,2012-01-08 21:34:31,fa1sZfatXQjBA9mByvQTWd7lYS2
TMU,kev_killer29,.$ønic *,27,30,12.28,TAttack,3,3/3,Very Short *5*,Stadium,2011-09-10 14:31:57,fa1sZfatXQjBA9mByvQTWd7lYS2
TMU,sebmagic2,· Sεbπag!c·,30,30,12.29,TAttack,3,3/3,Very Short *5*,Stadium,2011-07-30 21:50:02,fa1sZfatXQjBA9mByvQTWd7lYS2
TMU,remix59551,הѕс CobesS,21,30,12.26,TAttack,3,3/3,Very Short *5*,Stadium,2011-07-29 22:28:42,fa1sZfatXQjBA9mByvQTWd7lYS2
TMU,mkteam,gOgO!,14,30,12.23,TAttack,3,3/3,Very Short *5*,Stadium,2011-04-23 16:18:45,fa1sZfatXQjBA9mByvQTWd7lYS2
TMU,jokerrus37,Bubliks,23,30,12.27,TAttack,3,3/3,Very Short *5*,Stadium,2010-10-04 10:39:09,fa1sZfatXQjBA9mByvQTWd7lYS2
TMU,danielklaus,Mini,15,30,12.24,TAttack,3,3/3,Very Short *5*,Stadium,2010-05-06 14:24:36,fa1sZfatXQjBA9mByvQTWd7lYS2
TMU,basch142,LeG〢ςīмī,4,30,7.33,TAttack,2,2/2,Very Short *192*,Stadium,2025-09-12 13:32:19,y7OAXXZBrd7pXsY5yoGGcFtvWTl
TMU,grepedon,LeG〢Problem Solver.,9,30,7.4,TAttack,2,2/2,Very Short *192*,Stadium,2025-09-12 13:32:19,y7OAXXZBrd7pXsY5yoGGcFtvWTl
TMU,yrdk,LeG〢снеяηо. -ॆ-,13,30,7.44,TAttack,2,2/2,Very Short *192*,Stadium,2025-09-12 13:32:19,y7OAXXZBrd7pXsY5yoGGcFtvWTl
TMU,narcorek,LeG〢Narcor »Яםח«,20,30,7.49,TAttack,2,2/2,Very Short *192*,Stadium,2025-09-12 13:32:19,y7OAXXZBrd7pXsY5yoGGcFtvWTl
TMU,sarken20,LeG〢Sarken,24,30,7.53,TAttack,2,2/2,Very Short *192*,Stadium,2025-09-12 13:32:19,y7OAXXZBrd7pXsY5yoGGcFtvWTl
TMU,fish___chips,הѕс ¬ Ѕоғт.*,8,30,7.4,TAttack,2,2/2,Very Short *192*,Stadium,2025-08-13 16:48:19,y7OAXXZBrd7pXsY5yoGGcFtvWTl
TMU,looky62,הѕс¬ Ѕιмșои,3,30,7.29,TAttack,2,2/2,Very Short *192*,Stadium,2025-08-12 20:30:29,y7OAXXZBrd7pXsY5yoGGcFtvWTl
TMU,alstorm125,הѕс ¬ Alstorm.Law,12,30,7.44,TAttack,2,2/2,Very Short *192*,Stadium,2025-08-10 20:29:04,y7OAXXZBrd7pXsY5yoGGcFtvWTl
TMU,tsuyou49,tsuyou49,1,30,7.21,TAttack,2,2/2,Very Short *192*,Stadium,2019-08-05 08:18:51,y7OAXXZBrd7pXsY5yoGGcFtvWTl
TMU,noah1788,noah,15,30,7.45,TAttack,2,2/2,Very Short *192*,Stadium,2018-12-01 11:00:07,y7OAXXZBrd7pXsY5yoGGcFtvWTl
TMU,samgusta,LeG〢Trinity!,30,30,7.56,TAttack,2,2/2,Very Short *192*,Stadium,2018-05-22 22:04:12,y7OAXXZBrd7pXsY5yoGGcFtvWTl
TMU,jorgono,νѕρ.Anipla|ғฟ๏,27,30,7.55,TAttack,2,2/2,Very Short *192*,Stadium,2016-06-06 18:04:56,y7OAXXZBrd7pXsY5yoGGcFtvWTl
TMU,xxnovisxx,Novis,29,30,7.56,TAttack,2,2/2,Very Short *192*,Stadium,2015-11-24 17:37:14,y7OAXXZBrd7pXsY5yoGGcFtvWTl
TMU,tomatinhoamat,Mαиοѕ〢TMT ηгІ,22,30,7.51,TAttack,2,2/2,Very Short *192*,Stadium,2015-04-02 07:28:21,y7OAXXZBrd7pXsY5yoGGcFtvWTl
TMU,predator_one,הѕс¬  aしy,5,30,7.34,TAttack,2,2/2,Very Short *192*,Stadium,2014-10-21 13:27:23,y7OAXXZBrd7pXsY5yoGGcFtvWTl
TMU,argon3870,.λяģοи',23,30,7.53,TAttack,2,2/2,Very Short *192*,Stadium,2014-02-08 22:58:29,y7OAXXZBrd7pXsY5yoGGcFtvWTl
TMU,clemhugo,νѕρ.иσ меαи!,7,30,7.38,TAttack,2,2/2,Very Short *192*,Stadium,2013-06-28 00:40:43,y7OAXXZBrd7pXsY5yoGGcFtvWTl
TMU,ennio01,tekky.,11,30,7.44,TAttack,2,2/2,Very Short *192*,Stadium,2013-03-11 06:08:46,y7OAXXZBrd7pXsY5yoGGcFtvWTl
TMU,nosferatusx13,luz-occ,14,30,7.45,TAttack,2,2/2,Very Short *192*,Stadium,2012-06-25 20:32:10,y7OAXXZBrd7pXsY5yoGGcFtvWTl
TMU,cedd,eхception » cedd,17,30,7.47,TAttack,2,2/2,Very Short *192*,Stadium,2012-05-17 18:38:50,y7OAXXZBrd7pXsY5yoGGcFtvWTl
TMU,kevindeniort,Cyborg〢kev.,19,30,7.49,TAttack,2,2/2,Very Short *192*,Stadium,2012-05-08 15:20:30,y7OAXXZBrd7pXsY5yoGGcFtvWTl
TMU,mr._goodkat,goodkat.op,2,30,7.29,TAttack,2,2/2,Very Short *192*,Stadium,2011-10-12 17:34:40,y7OAXXZBrd7pXsY5yoGGcFtvWTl
TMU,sebmagic2,· Sεbπag!c·,10,30,7.44,TAttack,2,2/2,Very Short *192*,Stadium,2011-06-24 12:05:21,y7OAXXZBrd7pXsY5yoGGcFtvWTl
TMU,remix59551,הѕс CobesS,21,30,7.51,TAttack,2,2/2,Very Short *192*,Stadium,2011-06-17 18:28:22,y7OAXXZBrd7pXsY5yoGGcFtvWTl
TMU,lapringa,/«¬иġѕ/Pringa,18,30,7.48,TAttack,2,2/2,Very Short *192*,Stadium,2011-04-24 18:27:14,y7OAXXZBrd7pXsY5yoGGcFtvWTl
TMU,windho,νѕρ.Windho,6,30,7.37,TAttack,2,2/2,Very Short *192*,Stadium,2011-03-31 12:31:57,y7OAXXZBrd7pXsY5yoGGcFtvWTl
TMU,wilou-44-tkt,הѕс ¬Wiloux .,28,30,7.56,TAttack,2,2/2,Very Short *192*,Stadium,2011-03-31 12:31:57,y7OAXXZBrd7pXsY5yoGGcFtvWTl
TMU,xxxweaponxxx,νѕρ.weap,25,30,7.54,TAttack,2,2/2,Very Short *192*,Stadium,2011-01-23 09:15:17,y7OAXXZBrd7pXsY5yoGGcFtvWTl
TMU,_w_f00xd,hayno,26,30,7.55,TAttack,2,2/2,Very Short *192*,Stadium,2011-01-06 17:36:59,y7OAXXZBrd7pXsY5yoGGcFtvWTl
TMU,e-thug,LeG〢dev,16,30,7.46,TAttack,2,2/2,Very Short *192*,Stadium,2010-11-29 18:09:48,y7OAXXZBrd7pXsY5yoGGcFtvWTl
TMU,vin78,הѕс¬ chinese are watching,1,30,10.14,TAttack,2,2/2,Very Short *125*,Stadium,2025-09-13 14:20:03,ONLPYdMBQeWNMhDSbflgO4x9t65
TMU,zycos,הѕс¬Zycoัsツ,4,30,10.16,TAttack,2,2/2,Very Short *125*,Stadium,2025-09-12 14:47:23,ONLPYdMBQeWNMhDSbflgO4x9t65
TMU,fish___chips,הѕс ¬ Ѕоғт.*,29,30,10.19,TAttack,2,2/2,Very Short *125*,Stadium,2025-09-11 12:50:34,ONLPYdMBQeWNMhDSbflgO4x9t65
TMU,nubmeister,הѕс ¬ Ѕтерн,18,30,10.18,TAttack,2,2/2,Very Short *125*,Stadium,2025-09-10 14:04:00,ONLPYdMBQeWNMhDSbflgO4x9t65
TMU,s_r_w_ts0n,הѕс ¬ ωατѕοи <3,3,30,10.16,TAttack,2,2/2,Very Short *125*,Stadium,2025-08-29 03:27:34,ONLPYdMBQeWNMhDSbflgO4x9t65
TMU,kennethvan,הѕс ¬ Jordy!,12,30,10.17,TAttack,2,2/2,Very Short *125*,Stadium,2025-08-29 03:27:34,ONLPYdMBQeWNMhDSbflgO4x9t65
TMU,yohanm77,הѕс ¬ wosile,11,30,10.17,TAttack,2,2/2,Very Short *125*,Stadium,2025-07-31 15:47:43,ONLPYdMBQeWNMhDSbflgO4x9t65
TMU,sascha_67,micro,28,30,10.19,TAttack,2,2/2,Very Short *125*,Stadium,2024-11-26 19:23:22,ONLPYdMBQeWNMhDSbflgO4x9t65
TMU,radovan_odjebani,ภ๏๓คค๓~Chips,10,30,10.17,TAttack,2,2/2,Very Short *125*,Stadium,2022-05-11 10:13:07,ONLPYdMBQeWNMhDSbflgO4x9t65
TMU,wilou-44-tkt,הѕс ¬Wiloux .,27,30,10.19,TAttack,2,2/2,Very Short *125*,Stadium,2019-04-24 18:00:45,ONLPYdMBQeWNMhDSbflgO4x9t65
TMU,fckdyourmum,hades,26,30,10.19,TAttack,2,2/2,Very Short *125*,Stadium,2016-12-14 20:14:40,ONLPYdMBQeWNMhDSbflgO4x9t65
TMU,dimidrol88,dimi,17,30,10.18,TAttack,2,2/2,Very Short *125*,Stadium,2016-11-09 08:40:57,ONLPYdMBQeWNMhDSbflgO4x9t65
TMU,jorgono,νѕρ.Anipla|ғฟ๏,9,30,10.17,TAttack,2,2/2,Very Short *125*,Stadium,2016-09-12 17:36:28,ONLPYdMBQeWNMhDSbflgO4x9t65
TMU,frankyy33,ωаѕρ.Rainy,25,30,10.19,TAttack,2,2/2,Very Short *125*,Stadium,2016-08-24 01:59:07,ONLPYdMBQeWNMhDSbflgO4x9t65
TMU,artenese91,¬ĸитѕ× Cla!,16,30,10.18,TAttack,2,2/2,Very Short *125*,Stadium,2016-07-16 14:34:49,ONLPYdMBQeWNMhDSbflgO4x9t65
TMU,_johnwayne,јонηωауηе,24,30,10.19,TAttack,2,2/2,Very Short *125*,Stadium,2016-07-07 14:46:07,ONLPYdMBQeWNMhDSbflgO4x9t65
TMU,xxxweaponxxx,νѕρ.weap,23,30,10.19,TAttack,2,2/2,Very Short *125*,Stadium,2016-05-30 20:21:47,ONLPYdMBQeWNMhDSbflgO4x9t65
TMU,cara_careta,νѕρ. :),22,30,10.19,TAttack,2,2/2,Very Short *125*,Stadium,2015-11-25 14:47:22,ONLPYdMBQeWNMhDSbflgO4x9t65
TMU,devogt,»ЯтА«VoGter²,8,30,10.17,TAttack,2,2/2,Very Short *125*,Stadium,2015-11-12 23:31:22,ONLPYdMBQeWNMhDSbflgO4x9t65
TMU,darkevile,Nexus,2,30,10.15,TAttack,2,2/2,Very Short *125*,Stadium,2014-10-22 13:23:13,ONLPYdMBQeWNMhDSbflgO4x9t65
TMU,predator_one,הѕс¬  aしy,21,30,10.19,TAttack,2,2/2,Very Short *125*,Stadium,2014-10-22 13:23:13,ONLPYdMBQeWNMhDSbflgO4x9t65
TMU,blizzard1990,»ЯтА«Blizz,7,30,10.17,TAttack,2,2/2,Very Short *125*,Stadium,2014-01-28 23:17:29,ONLPYdMBQeWNMhDSbflgO4x9t65
TMU,argon3870,.λяģοи',20,30,10.19,TAttack,2,2/2,Very Short *125*,Stadium,2014-01-03 23:00:53,ONLPYdMBQeWNMhDSbflgO4x9t65
TMU,imkaansizlar_prensi,«〶®¹» vixon¹³.ω๏,31,100,10.34,TAttack,2,2/2,Very Short *125*,Stadium,2013-12-29 17:09:09,ONLPYdMBQeWNMhDSbflgO4x9t65
TMU,antanasro,Input,15,30,10.18,TAttack,2,2/2,Very Short *125*,Stadium,2013-12-08 10:14:18,ONLPYdMBQeWNMhDSbflgO4x9t65
TMU,braid65,הѕс¬Ѕαтινα,14,30,10.18,TAttack,2,2/2,Very Short *125*,Stadium,2013-08-15 16:13:49,ONLPYdMBQeWNMhDSbflgO4x9t65
TMU,jinhale,GC l| jiN,13,30,10.18,TAttack,2,2/2,Very Short *125*,Stadium,2012-10-24 13:44:02,ONLPYdMBQeWNMhDSbflgO4x9t65
TMU,clemhugo,νѕρ.иσ меαи!,6,30,10.17,TAttack,2,2/2,Very Short *125*,Stadium,2010-12-01 18:12:47,ONLPYdMBQeWNMhDSbflgO4x9t65
TMU,darkspot,Lelouch YT,19,30,10.19,TAttack,2,2/2,Very Short *125*,Stadium,2010-09-30 19:05:40,ONLPYdMBQeWNMhDSbflgO4x9t65
TMU,yannex3,νѕρ.Yannex´,30,30,10.2,TAttack,2,2/2,Very Short *125*,Stadium,2010-09-24 21:07:12,ONLPYdMBQeWNMhDSbflgO4x9t65
TMU,karjen93,4W : : KarjeN,5,30,10.17,TAttack,2,2/2,Very Short *125*,Stadium,2009-10-11 13:50:07,ONLPYdMBQeWNMhDSbflgO4x9t65
TMU,xxpaiinz_twistedxx,CP'' 'Rick.мр,26,30,11.26,TAttack,3,3/3,Very Short *124*,Stadium,2025-03-11 03:03:07,fY_m3hJ8j_vjjHun9OlWiEmbDY2
TMU,clemhugo,νѕρ.иσ меαи!,7,30,11.25,TAttack,3,3/3,Very Short *124*,Stadium,2024-09-03 20:19:34,fY_m3hJ8j_vjjHun9OlWiEmbDY2
TMU,yohanm77,הѕс ¬ wosile,24,30,11.26,TAttack,3,3/3,Very Short *124*,Stadium,2024-08-29 20:56:12,fY_m3hJ8j_vjjHun9OlWiEmbDY2
TMU,vin78,הѕс¬ chinese are watching,25,30,11.26,TAttack,3,3/3,Very Short *124*,Stadium,2024-08-29 20:56:12,fY_m3hJ8j_vjjHun9OlWiEmbDY2
TMU,sup.tetou,ѮҨѺ ŤĘŤŐŬ,23,30,11.26,TAttack,3,3/3,Very Short *124*,Stadium,2023-04-15 17:08:20,fY_m3hJ8j_vjjHun9OlWiEmbDY2
TMU,1s4m3t1,sigN|Samet,22,30,11.26,TAttack,3,3/3,Very Short *124*,Stadium,2023-04-01 14:54:36,fY_m3hJ8j_vjjHun9OlWiEmbDY2
TMU,louispauwels,b A p,21,30,11.26,TAttack,3,3/3,Very Short *124*,Stadium,2023-03-05 16:20:20,fY_m3hJ8j_vjjHun9OlWiEmbDY2
TMU,substrate,ωаѕρ .substrate,6,30,11.25,TAttack,3,3/3,Very Short *124*,Stadium,2022-11-13 19:08:53,fY_m3hJ8j_vjjHun9OlWiEmbDY2
TMU,looter707,саиои-א,20,30,11.26,TAttack,3,3/3,Very Short *124*,Stadium,2022-09-14 21:41:01,fY_m3hJ8j_vjjHun9OlWiEmbDY2
TMU,purecarnage,ғаιהτ.TheSweetyMan,19,30,11.26,TAttack,3,3/3,Very Short *124*,Stadium,2017-07-03 00:46:41,fY_m3hJ8j_vjjHun9OlWiEmbDY2
TMU,dimidrol88,dimi,18,30,11.26,TAttack,3,3/3,Very Short *124*,Stadium,2016-12-24 19:17:13,fY_m3hJ8j_vjjHun9OlWiEmbDY2
TMU,yumcookieyum,ママ» scorbss〤,17,30,11.26,TAttack,3,3/3,Very Short *124*,Stadium,2016-08-16 19:37:25,fY_m3hJ8j_vjjHun9OlWiEmbDY2
TMU,21sektor,Hamro Karo Mejawawki Polska som jom daj pikaw,16,30,11.26,TAttack,3,3/3,Very Short *124*,Stadium,2016-06-26 16:33:30,fY_m3hJ8j_vjjHun9OlWiEmbDY2
TMU,lahme_ente_08_15,Hyker///нот,15,30,11.26,TAttack,3,3/3,Very Short *124*,Stadium,2016-06-16 19:58:35,fY_m3hJ8j_vjjHun9OlWiEmbDY2
TMU,idontknowson,LeG〢Karhu,14,30,11.26,TAttack,3,3/3,Very Short *124*,Stadium,2016-02-08 17:40:44,fY_m3hJ8j_vjjHun9OlWiEmbDY2
TMU,remix59551,הѕс CobesS,1,30,11.24,TAttack,3,3/3,Very Short *124*,Stadium,2015-11-11 15:21:53,fY_m3hJ8j_vjjHun9OlWiEmbDY2
TMU,darkevile,Nexus,13,30,11.26,TAttack,3,3/3,Very Short *124*,Stadium,2015-11-10 17:40:45,fY_m3hJ8j_vjjHun9OlWiEmbDY2
TMU,undefined_,Midora,31,40,11.58,TAttack,3,3/3,Very Short *124*,Stadium,2015-10-29 09:23:50,fY_m3hJ8j_vjjHun9OlWiEmbDY2
TMU,jorgono,νѕρ.Anipla|ғฟ๏,12,30,11.26,TAttack,3,3/3,Very Short *124*,Stadium,2014-08-23 15:04:21,fY_m3hJ8j_vjjHun9OlWiEmbDY2
TMU,leonllooll,¬Ŧг » nopzY ツ,11,30,11.26,TAttack,3,3/3,Very Short *124*,Stadium,2014-08-21 19:44:25,fY_m3hJ8j_vjjHun9OlWiEmbDY2
TMU,rafes2,dlx!ruke〤,10,30,11.26,TAttack,3,3/3,Very Short *124*,Stadium,2014-03-13 18:57:33,fY_m3hJ8j_vjjHun9OlWiEmbDY2
TMU,huibuujunge,hanz-otto ///,5,30,11.25,TAttack,3,3/3,Very Short *124*,Stadium,2013-07-20 11:46:46,fY_m3hJ8j_vjjHun9OlWiEmbDY2
TMU,sixfours,» ßश ﾒ..Cacahuète «,9,30,11.26,TAttack,3,3/3,Very Short *124*,Stadium,2013-02-28 11:44:50,fY_m3hJ8j_vjjHun9OlWiEmbDY2
TMU,szaguldo_mehnyakrak,Ƒ〇ら〒คĦん つטÐ¡ד,4,30,11.25,TAttack,3,3/3,Very Short *124*,Stadium,2013-01-28 14:33:20,fY_m3hJ8j_vjjHun9OlWiEmbDY2
TMU,edex516,Edward,3,30,11.25,TAttack,3,3/3,Very Short *124*,Stadium,2013-01-12 13:17:16,fY_m3hJ8j_vjjHun9OlWiEmbDY2
TMU,p3t3r333,νѕρ:..νївёя,30,30,11.27,TAttack,3,3/3,Very Short *124*,Stadium,2012-02-08 10:38:29,fY_m3hJ8j_vjjHun9OlWiEmbDY2
TMU,megotz,Rioll,29,30,11.27,TAttack,3,3/3,Very Short *124*,Stadium,2011-08-17 10:01:27,fY_m3hJ8j_vjjHun9OlWiEmbDY2
TMU,sebmagic2,· Sεbπag!c·,28,30,11.27,TAttack,3,3/3,Very Short *124*,Stadium,2011-06-26 16:04:44,fY_m3hJ8j_vjjHun9OlWiEmbDY2
TMU,noxx__,のєυѕ/Carpette''',8,30,11.26,TAttack,3,3/3,Very Short *124*,Stadium,2011-03-15 22:45:56,fY_m3hJ8j_vjjHun9OlWiEmbDY2
TMU,mkteam,gOgO!,27,30,11.27,TAttack,3,3/3,Very Short *124*,Stadium,2010-11-23 21:34:01,fY_m3hJ8j_vjjHun9OlWiEmbDY2
TMU,wells.,wells,2,30,11.25,TAttack,3,3/3,Very Short *124*,Stadium,2010-06-13 18:09:23,fY_m3hJ8j_vjjHun9OlWiEmbDY2
TMU,vin78,הѕс¬ chinese are watching,21,30,15.95,TAttack,1,1/1,Very Short *54*,Stadium,2023-10-30 15:13:26,DekTa1SOI5PzkSuKMojfSTN9SYd
TMU,the_bad_boy_2,аіяνеиAureL..,5,30,15.9,TAttack,1,1/1,Very Short *54*,Stadium,2023-10-16 21:30:36,DekTa1SOI5PzkSuKMojfSTN9SYd
TMU,yohanm77,הѕс ¬ wosile,14,30,15.94,TAttack,1,1/1,Very Short *54*,Stadium,2023-10-16 21:30:36,DekTa1SOI5PzkSuKMojfSTN9SYd
TMU,audirs6__,Nikk,13,30,15.94,TAttack,1,1/1,Very Short *54*,Stadium,2022-07-19 18:17:41,DekTa1SOI5PzkSuKMojfSTN9SYd
TMU,predator_one,הѕс¬  aしy,20,30,15.95,TAttack,1,1/1,Very Short *54*,Stadium,2020-05-29 17:04:41,DekTa1SOI5PzkSuKMojfSTN9SYd
TMU,onlybrutal,Eri,9,30,15.93,TAttack,1,1/1,Very Short *54*,Stadium,2018-07-02 17:59:31,DekTa1SOI5PzkSuKMojfSTN9SYd
TMU,julianwa,sigN｜Skora,12,30,15.94,TAttack,1,1/1,Very Short *54*,Stadium,2016-06-22 21:29:18,DekTa1SOI5PzkSuKMojfSTN9SYd
TMU,lionblade,Ңק4»lionblade,30,30,15.96,TAttack,1,1/1,Very Short *54*,Stadium,2016-01-10 21:48:10,DekTa1SOI5PzkSuKMojfSTN9SYd
TMU,kahbum,kahbum,29,30,15.96,TAttack,1,1/1,Very Short *54*,Stadium,2016-01-10 21:42:40,DekTa1SOI5PzkSuKMojfSTN9SYd
TMU,yannex3,νѕρ.Yannex´,11,30,15.94,TAttack,1,1/1,Very Short *54*,Stadium,2015-12-16 18:34:05,DekTa1SOI5PzkSuKMojfSTN9SYd
TMU,philkron2,ü30.µsli,28,30,15.96,TAttack,1,1/1,Very Short *54*,Stadium,2015-11-18 14:24:18,DekTa1SOI5PzkSuKMojfSTN9SYd
TMU,darkel13,הѕс¬ GFK,27,30,15.96,TAttack,1,1/1,Very Short *54*,Stadium,2015-11-18 14:18:47,DekTa1SOI5PzkSuKMojfSTN9SYd
TMU,darkevile,Nexus,7,30,15.92,TAttack,1,1/1,Very Short *54*,Stadium,2015-03-29 18:02:27,DekTa1SOI5PzkSuKMojfSTN9SYd
TMU,jorgono,νѕρ.Anipla|ғฟ๏,3,30,15.89,TAttack,1,1/1,Very Short *54*,Stadium,2014-12-18 13:13:55,DekTa1SOI5PzkSuKMojfSTN9SYd
TMU,swarci,yolo! соחеІ,4,30,15.9,TAttack,1,1/1,Very Short *54*,Stadium,2014-12-18 13:13:55,DekTa1SOI5PzkSuKMojfSTN9SYd
TMU,remix59551,הѕс CobesS,1,30,15.85,TAttack,1,1/1,Very Short *54*,Stadium,2014-12-17 16:31:15,DekTa1SOI5PzkSuKMojfSTN9SYd
TMU,idontknowson,LeG〢Karhu,26,30,15.96,TAttack,1,1/1,Very Short *54*,Stadium,2014-12-04 15:40:30,DekTa1SOI5PzkSuKMojfSTN9SYd
TMU,ciublack-s,ңя ױ िunnybear ғฟ๏,19,30,15.95,TAttack,1,1/1,Very Short *54*,Stadium,2014-08-27 15:37:21,DekTa1SOI5PzkSuKMojfSTN9SYd
TMU,adribouchon,trabadia,8,30,15.93,TAttack,1,1/1,Very Short *54*,Stadium,2014-08-04 20:14:30,DekTa1SOI5PzkSuKMojfSTN9SYd
TMU,kapou.,sikあ,25,30,15.96,TAttack,1,1/1,Very Short *54*,Stadium,2014-02-05 22:32:50,DekTa1SOI5PzkSuKMojfSTN9SYd
TMU,braid65,הѕс¬Ѕαтινα,24,30,15.96,TAttack,1,1/1,Very Short *54*,Stadium,2013-11-11 19:53:30,DekTa1SOI5PzkSuKMojfSTN9SYd
TMU,clemhugo,νѕρ.иσ меαи!,18,30,15.95,TAttack,1,1/1,Very Short *54*,Stadium,2013-02-07 20:11:27,DekTa1SOI5PzkSuKMojfSTN9SYd
TMU,_w_f00xd,hayno,17,30,15.95,TAttack,1,1/1,Very Short *54*,Stadium,2012-04-11 10:41:27,DekTa1SOI5PzkSuKMojfSTN9SYd
TMU,le_king_de_trackmania,мαяισ!*,16,30,15.95,TAttack,1,1/1,Very Short *54*,Stadium,2012-03-09 00:56:04,DekTa1SOI5PzkSuKMojfSTN9SYd
TMU,natsu_aye,Лμģι 飛 αyε,15,30,15.95,TAttack,1,1/1,Very Short *54*,Stadium,2011-11-04 17:27:42,DekTa1SOI5PzkSuKMojfSTN9SYd
TMU,rus_mischa,LeG〢SucXceS,23,30,15.96,TAttack,1,1/1,Very Short *54*,Stadium,2011-08-13 20:11:44,DekTa1SOI5PzkSuKMojfSTN9SYd
TMU,sebmagic2,· Sεbπag!c·,10,30,15.94,TAttack,1,1/1,Very Short *54*,Stadium,2011-08-08 21:16:45,DekTa1SOI5PzkSuKMojfSTN9SYd
TMU,p3t3r333,νѕρ:..νївёя,6,30,15.92,TAttack,1,1/1,Very Short *54*,Stadium,2011-05-03 11:47:59,DekTa1SOI5PzkSuKMojfSTN9SYd
TMU,xaminou,νѕρ.мαхоυ'',2,30,15.89,TAttack,1,1/1,Very Short *54*,Stadium,2010-02-14 16:29:55,DekTa1SOI5PzkSuKMojfSTN9SYd
TMU,karjen93,4W : : KarjeN,22,30,15.96,TAttack,1,1/1,Very Short *54*,Stadium,2009-12-22 01:41:27,DekTa1SOI5PzkSuKMojfSTN9SYd
TMU,idontknowson,LeG〢Karhu,29,30,13.0,TAttack,3,3/3,Very Short *109*,Stadium,2025-09-21 15:33:16,2omqy53N3sPJhuiGfJ49yfHQkSk
TMU,zycos,הѕс¬Zycoัsツ,21,30,12.99,TAttack,3,3/3,Very Short *109*,Stadium,2025-09-15 10:32:11,2omqy53N3sPJhuiGfJ49yfHQkSk
TMU,lego_ferry_2,הѕс¬Ғеяяу»Law.,11,30,12.97,TAttack,3,3/3,Very Short *109*,Stadium,2025-09-14 18:26:38,2omqy53N3sPJhuiGfJ49yfHQkSk
TMU,paulmar.35,הѕс ¬ Paulmar.*,19,30,12.99,TAttack,3,3/3,Very Short *109*,Stadium,2025-09-14 18:26:38,2omqy53N3sPJhuiGfJ49yfHQkSk
TMU,nubmeister,הѕс ¬ Ѕтерн,20,30,12.99,TAttack,3,3/3,Very Short *109*,Stadium,2025-09-14 18:26:38,2omqy53N3sPJhuiGfJ49yfHQkSk
TMU,kennethvan,הѕс ¬ Jordy!,6,30,12.96,TAttack,3,3/3,Very Short *109*,Stadium,2025-08-29 18:22:12,2omqy53N3sPJhuiGfJ49yfHQkSk
TMU,looky62,הѕс¬ Ѕιмșои,28,30,13.0,TAttack,3,3/3,Very Short *109*,Stadium,2025-08-21 17:47:19,2omqy53N3sPJhuiGfJ49yfHQkSk
TMU,s_r_w_ts0n,הѕс ¬ ωατѕοи <3,27,30,13.0,TAttack,3,3/3,Very Short *109*,Stadium,2025-08-21 02:29:11,2omqy53N3sPJhuiGfJ49yfHQkSk
TMU,shahelm7,CP'' 'Shayl,5,30,12.96,TAttack,3,3/3,Very Short *109*,Stadium,2024-12-19 01:32:47,2omqy53N3sPJhuiGfJ49yfHQkSk
TMU,poufi88,'''Poufi,26,30,13.0,TAttack,3,3/3,Very Short *109*,Stadium,2024-09-23 16:51:17,2omqy53N3sPJhuiGfJ49yfHQkSk
TMU,vin78,הѕс¬ chinese are watching,25,30,13.0,TAttack,3,3/3,Very Short *109*,Stadium,2024-08-25 19:58:34,2omqy53N3sPJhuiGfJ49yfHQkSk
TMU,yohanm77,הѕс ¬ wosile,13,30,12.98,TAttack,3,3/3,Very Short *109*,Stadium,2024-08-25 13:33:13,2omqy53N3sPJhuiGfJ49yfHQkSk
TMU,bullshit...,ωаѕρ.jager'ғ,4,30,12.96,TAttack,3,3/3,Very Short *109*,Stadium,2024-03-12 14:30:18,2omqy53N3sPJhuiGfJ49yfHQkSk
TMU,louispauwels,b A p,10,30,12.97,TAttack,3,3/3,Very Short *109*,Stadium,2023-04-12 07:21:29,2omqy53N3sPJhuiGfJ49yfHQkSk
TMU,ne-,OXpyrvi,3,30,12.96,TAttack,3,3/3,Very Short *109*,Stadium,2023-03-04 15:37:57,2omqy53N3sPJhuiGfJ49yfHQkSk
TMU,samirferataj,ғаιהτ. SaM,24,30,13.0,TAttack,3,3/3,Very Short *109*,Stadium,2022-03-26 16:04:55,2omqy53N3sPJhuiGfJ49yfHQkSk
TMU,stampertjeiscool,¬ĸитѕ Skillet.,2,30,12.95,TAttack,3,3/3,Very Short *109*,Stadium,2021-10-13 09:57:15,2omqy53N3sPJhuiGfJ49yfHQkSk
TMU,ultramaniakk,הѕс ¬ Symbiose!,18,30,12.99,TAttack,3,3/3,Very Short *109*,Stadium,2021-01-04 22:51:55,2omqy53N3sPJhuiGfJ49yfHQkSk
TMU,nici0903,Hèिést,9,30,12.97,TAttack,3,3/3,Very Short *109*,Stadium,2019-11-28 23:18:50,2omqy53N3sPJhuiGfJ49yfHQkSk
TMU,3xiiie,הѕс ¬ Teffz,23,30,13.0,TAttack,3,3/3,Very Short *109*,Stadium,2019-11-28 23:18:50,2omqy53N3sPJhuiGfJ49yfHQkSk
TMU,braid65,הѕс¬Ѕαтινα,16,30,12.99,TAttack,3,3/3,Very Short *109*,Stadium,2019-04-16 16:16:31,2omqy53N3sPJhuiGfJ49yfHQkSk
TMU,ulysses0r,הѕс¬ulysses,17,30,12.99,TAttack,3,3/3,Very Short *109*,Stadium,2019-04-16 16:16:31,2omqy53N3sPJhuiGfJ49yfHQkSk
TMU,dimidrol88,dimi,15,30,12.99,TAttack,3,3/3,Very Short *109*,Stadium,2018-12-13 12:36:44,2omqy53N3sPJhuiGfJ49yfHQkSk
TMU,alxb,Alex,22,30,13.0,TAttack,3,3/3,Very Short *109*,Stadium,2018-08-16 10:52:42,2omqy53N3sPJhuiGfJ49yfHQkSk
TMU,jorgono,νѕρ.Anipla|ғฟ๏,12,30,12.98,TAttack,3,3/3,Very Short *109*,Stadium,2018-04-30 15:10:38,2omqy53N3sPJhuiGfJ49yfHQkSk
TMU,stephaneneves,הѕс ¬ Ѕтерн,8,30,12.97,TAttack,3,3/3,Very Short *109*,Stadium,2017-04-02 23:49:57,2omqy53N3sPJhuiGfJ49yfHQkSk
TMU,kybermato,[CMC]wormi27z,31,40,13.17,TAttack,3,3/3,Very Short *109*,Stadium,2016-08-06 22:38:19,2omqy53N3sPJhuiGfJ49yfHQkSk
TMU,darkevile,Nexus,1,30,12.92,TAttack,3,3/3,Very Short *109*,Stadium,2015-06-17 21:03:59,2omqy53N3sPJhuiGfJ49yfHQkSk
TMU,remix59551,הѕс CobesS,7,30,12.97,TAttack,3,3/3,Very Short *109*,Stadium,2015-06-17 11:12:40,2omqy53N3sPJhuiGfJ49yfHQkSk
TMU,clemhugo,νѕρ.иσ меαи!,14,30,12.99,TAttack,3,3/3,Very Short *109*,Stadium,2013-10-26 12:23:54,2omqy53N3sPJhuiGfJ49yfHQkSk
TMU,molie_tmu,МΩしιैε ツ,30,30,13.01,TAttack,3,3/3,Very Short *109*,Stadium,2011-01-22 22:32:37,2omqy53N3sPJhuiGfJ49yfHQkSk
TMU,mortal_sky,ғαғシ๓oяταlsкy,12,30,13.91,TAttack,3,3/3,Very Short *104*,Stadium,2025-09-01 17:15:10,5F5B5Emt6yRNIv3GPTRf2VuRjL2
TMU,2nd,onezッ,14,30,13.92,TAttack,3,3/3,Very Short *104*,Stadium,2024-09-24 19:58:48,5F5B5Emt6yRNIv3GPTRf2VuRjL2
TMU,vin78,הѕс¬ chinese are watching,20,30,13.95,TAttack,3,3/3,Very Short *104*,Stadium,2024-08-24 22:21:24,5F5B5Emt6yRNIv3GPTRf2VuRjL2
TMU,yohanm77,הѕс ¬ wosile,30,30,13.96,TAttack,3,3/3,Very Short *104*,Stadium,2024-08-24 22:21:24,5F5B5Emt6yRNIv3GPTRf2VuRjL2
TMU,mglulguf,ĊĦ » levon,29,30,13.96,TAttack,3,3/3,Very Short *104*,Stadium,2024-03-09 21:56:57,5F5B5Emt6yRNIv3GPTRf2VuRjL2
TMU,boothie8,boothie8,28,30,13.96,TAttack,3,3/3,Very Short *104*,Stadium,2023-12-14 11:12:07,5F5B5Emt6yRNIv3GPTRf2VuRjL2
TMU,eprotizuu,eprotizuu,8,30,13.87,TAttack,3,3/3,Very Short *104*,Stadium,2022-07-21 17:26:24,5F5B5Emt6yRNIv3GPTRf2VuRjL2
TMU,fruxyy,¬ĸитѕ×матツғ,27,30,13.96,TAttack,3,3/3,Very Short *104*,Stadium,2022-04-12 19:49:12,5F5B5Emt6yRNIv3GPTRf2VuRjL2
TMU,1king97,Сяс King,7,30,13.86,TAttack,3,3/3,Very Short *104*,Stadium,2022-03-24 15:50:33,5F5B5Emt6yRNIv3GPTRf2VuRjL2
TMU,fish___chips,הѕс ¬ Ѕоғт.*,2,30,13.8,TAttack,3,3/3,Very Short *104*,Stadium,2022-02-09 21:33:56,5F5B5Emt6yRNIv3GPTRf2VuRjL2
TMU,marmerladi,Marmerladi,5,30,13.85,TAttack,3,3/3,Very Short *104*,Stadium,2022-02-09 21:33:56,5F5B5Emt6yRNIv3GPTRf2VuRjL2
TMU,flo61,.:๏ғ Neqzo ғ.,9,30,13.88,TAttack,3,3/3,Very Short *104*,Stadium,2022-02-05 18:04:14,5F5B5Emt6yRNIv3GPTRf2VuRjL2
TMU,dropsi,LeG〢тєяуσॆ!,3,30,13.81,TAttack,3,3/3,Very Short *104*,Stadium,2021-11-01 13:04:50,5F5B5Emt6yRNIv3GPTRf2VuRjL2
TMU,ericb,ғаιהτ.Shark_ericb,17,30,13.93,TAttack,3,3/3,Very Short *104*,Stadium,2021-10-02 14:00:23,5F5B5Emt6yRNIv3GPTRf2VuRjL2
TMU,nici0903,Hèिést,6,30,13.86,TAttack,3,3/3,Very Short *104*,Stadium,2019-02-07 23:40:18,5F5B5Emt6yRNIv3GPTRf2VuRjL2
TMU,xxnovisxx,Novis,26,30,13.96,TAttack,3,3/3,Very Short *104*,Stadium,2018-06-08 12:48:30,5F5B5Emt6yRNIv3GPTRf2VuRjL2
TMU,jorgono,νѕρ.Anipla|ғฟ๏,1,30,13.78,TAttack,3,3/3,Very Short *104*,Stadium,2018-02-23 11:53:13,5F5B5Emt6yRNIv3GPTRf2VuRjL2
TMU,ultramaniakk,הѕс ¬ Symbiose!,25,30,13.96,TAttack,3,3/3,Very Short *104*,Stadium,2018-02-23 09:23:24,5F5B5Emt6yRNIv3GPTRf2VuRjL2
TMU,shambo777,sigN|Shambo,24,30,13.96,TAttack,3,3/3,Very Short *104*,Stadium,2018-01-27 18:28:44,5F5B5Emt6yRNIv3GPTRf2VuRjL2
TMU,freshv100,«厶ア» frev. Яםח,4,30,13.83,TAttack,3,3/3,Very Short *104*,Stadium,2018-01-10 19:48:21,5F5B5Emt6yRNIv3GPTRf2VuRjL2
TMU,paulmar.35,הѕс ¬ Paulmar.*,11,30,13.89,TAttack,3,3/3,Very Short *104*,Stadium,2018-01-07 17:21:38,5F5B5Emt6yRNIv3GPTRf2VuRjL2
TMU,alxb,Alex,23,30,13.96,TAttack,3,3/3,Very Short *104*,Stadium,2017-12-20 18:37:53,5F5B5Emt6yRNIv3GPTRf2VuRjL2
TMU,darkevile,Nexus,10,30,13.89,TAttack,3,3/3,Very Short *104*,Stadium,2017-05-30 17:15:23,5F5B5Emt6yRNIv3GPTRf2VuRjL2
TMU,ko-li,нот ///KoLi,13,30,13.92,TAttack,3,3/3,Very Short *104*,Stadium,2016-12-08 22:34:04,5F5B5Emt6yRNIv3GPTRf2VuRjL2
TMU,protraintrack,ғฟ๏.Drarker.Law,19,30,13.95,TAttack,3,3/3,Very Short *104*,Stadium,2016-06-30 22:37:53,5F5B5Emt6yRNIv3GPTRf2VuRjL2
TMU,herofloro,oNio,31,40,14.21,TAttack,3,3/3,Very Short *104*,Stadium,2016-06-28 00:06:21,5F5B5Emt6yRNIv3GPTRf2VuRjL2
TMU,karjen93,4W : : KarjeN,16,30,13.93,TAttack,3,3/3,Very Short *104*,Stadium,2015-01-25 14:50:30,5F5B5Emt6yRNIv3GPTRf2VuRjL2
TMU,cara_careta,νѕρ. :),22,30,13.96,TAttack,3,3/3,Very Short *104*,Stadium,2015-01-16 19:53:43,5F5B5Emt6yRNIv3GPTRf2VuRjL2
TMU,imkaansizlar_prensi,«〶®¹» vixon¹³.ω๏,32,100,14.39,TAttack,3,3/3,Very Short *104*,Stadium,2014-08-16 10:21:16,5F5B5Emt6yRNIv3GPTRf2VuRjL2
TMU,titoumaniak,LeG〢Σρικ.*,15,30,13.93,TAttack,3,3/3,Very Short *104*,Stadium,2014-03-01 14:21:59,5F5B5Emt6yRNIv3GPTRf2VuRjL2
TMU,argon3870,.λяģοи',18,30,13.95,TAttack,3,3/3,Very Short *104*,Stadium,2014-01-25 19:01:16,5F5B5Emt6yRNIv3GPTRf2VuRjL2
TMU,wilou-44-tkt,הѕс ¬Wiloux .,21,30,13.96,TAttack,3,3/3,Very Short *104*,Stadium,2013-07-01 16:02:12,5F5B5Emt6yRNIv3GPTRf2VuRjL2
TMU,winkelwagentje2,הѕс ¬ Wagツ,1,30,12.8,TAttack,3,3/3,Very Short *40*,Stadium,2025-09-22 20:07:36,NnYw3QCPuPNxCinOhMQ0MFYyhB5
TMU,looky62,הѕс¬ Ѕιмșои,10,30,12.86,TAttack,3,3/3,Very Short *40*,Stadium,2025-09-22 20:07:36,NnYw3QCPuPNxCinOhMQ0MFYyhB5
TMU,lego_ferry_2,הѕс¬Ғеяяу»Law.,15,30,12.87,TAttack,3,3/3,Very Short *40*,Stadium,2025-09-22 20:07:36,NnYw3QCPuPNxCinOhMQ0MFYyhB5
TMU,darkel13,הѕс¬ GFK,19,30,12.9,TAttack,3,3/3,Very Short *40*,Stadium,2025-09-22 20:07:36,NnYw3QCPuPNxCinOhMQ0MFYyhB5
TMU,bolle16,הѕс¬ Karelッ,22,30,12.91,TAttack,3,3/3,Very Short *40*,Stadium,2025-09-22 20:07:36,NnYw3QCPuPNxCinOhMQ0MFYyhB5
TMU,paulmar.35,הѕс ¬ Paulmar.*,24,30,12.92,TAttack,3,3/3,Very Short *40*,Stadium,2025-09-22 20:07:36,NnYw3QCPuPNxCinOhMQ0MFYyhB5
TMU,4rm4n11,הѕс¬ aizen,3,30,12.83,TAttack,3,3/3,Very Short *40*,Stadium,2025-09-22 14:03:35,NnYw3QCPuPNxCinOhMQ0MFYyhB5
TMU,fish___chips,הѕс ¬ Ѕоғт.*,14,30,12.87,TAttack,3,3/3,Very Short *40*,Stadium,2025-09-22 14:03:35,NnYw3QCPuPNxCinOhMQ0MFYyhB5
TMU,s_r_w_ts0n,הѕс ¬ ωατѕοи <3,21,30,12.91,TAttack,3,3/3,Very Short *40*,Stadium,2025-09-21 21:54:16,NnYw3QCPuPNxCinOhMQ0MFYyhB5
TMU,psicose,הѕс ¬ Snow.,6,30,12.85,TAttack,3,3/3,Very Short *40*,Stadium,2025-09-18 12:20:41,NnYw3QCPuPNxCinOhMQ0MFYyhB5
TMU,yohanm77,הѕс ¬ wosile,9,30,12.86,TAttack,3,3/3,Very Short *40*,Stadium,2025-09-18 10:50:39,NnYw3QCPuPNxCinOhMQ0MFYyhB5
TMU,alstorm125,הѕс ¬ Alstorm.Law,18,30,12.89,TAttack,3,3/3,Very Short *40*,Stadium,2025-09-18 10:50:39,NnYw3QCPuPNxCinOhMQ0MFYyhB5
TMU,basch142,LeG〢ςīмī,2,30,12.83,TAttack,3,3/3,Very Short *40*,Stadium,2025-09-17 22:11:45,NnYw3QCPuPNxCinOhMQ0MFYyhB5
TMU,e-thug,LeG〢dev,5,30,12.85,TAttack,3,3/3,Very Short *40*,Stadium,2025-09-17 22:11:45,NnYw3QCPuPNxCinOhMQ0MFYyhB5
TMU,narcorek,LeG〢Narcor »Яםח«,8,30,12.86,TAttack,3,3/3,Very Short *40*,Stadium,2025-09-17 22:11:45,NnYw3QCPuPNxCinOhMQ0MFYyhB5
TMU,yrdk,LeG〢снеяηо. -ॆ-,13,30,12.87,TAttack,3,3/3,Very Short *40*,Stadium,2025-09-17 22:11:45,NnYw3QCPuPNxCinOhMQ0MFYyhB5
TMU,niyck,LeG〢иιсκιе.,16,30,12.88,TAttack,3,3/3,Very Short *40*,Stadium,2025-09-17 22:11:45,NnYw3QCPuPNxCinOhMQ0MFYyhB5
TMU,grepedon,LeG〢Problem Solver.,17,30,12.88,TAttack,3,3/3,Very Short *40*,Stadium,2025-09-17 22:11:45,NnYw3QCPuPNxCinOhMQ0MFYyhB5
TMU,kenolabohm,ғаιהτ.Vod.*,4,30,12.85,TAttack,3,3/3,Very Short *40*,Stadium,2022-05-17 07:34:09,NnYw3QCPuPNxCinOhMQ0MFYyhB5
TMU,are_you_electrified_,¬ĸитѕ×m00min,28,30,12.94,TAttack,3,3/3,Very Short *40*,Stadium,2022-05-15 14:56:51,NnYw3QCPuPNxCinOhMQ0MFYyhB5
TMU,killer.sk,randler,30,30,12.96,TAttack,3,3/3,Very Short *40*,Stadium,2021-08-16 22:41:33,NnYw3QCPuPNxCinOhMQ0MFYyhB5
TMU,ericb,ғаιהτ.Shark_ericb,23,30,12.92,TAttack,3,3/3,Very Short *40*,Stadium,2021-07-29 20:51:33,NnYw3QCPuPNxCinOhMQ0MFYyhB5
TMU,vin78,הѕс¬ chinese are watching,26,30,12.93,TAttack,3,3/3,Very Short *40*,Stadium,2021-04-06 11:06:40,NnYw3QCPuPNxCinOhMQ0MFYyhB5
TMU,braid65,הѕс¬Ѕαтινα,20,30,12.91,TAttack,3,3/3,Very Short *40*,Stadium,2020-05-03 20:54:25,NnYw3QCPuPNxCinOhMQ0MFYyhB5
TMU,wilou-44-tkt,הѕс ¬Wiloux .,27,30,12.94,TAttack,3,3/3,Very Short *40*,Stadium,2020-05-03 19:17:40,NnYw3QCPuPNxCinOhMQ0MFYyhB5
TMU,stephaneneves,הѕс ¬ Ѕтерн,12,30,12.87,TAttack,3,3/3,Very Short *40*,Stadium,2020-05-02 14:26:40,NnYw3QCPuPNxCinOhMQ0MFYyhB5
TMU,jorgono,νѕρ.Anipla|ғฟ๏,7,30,12.86,TAttack,3,3/3,Very Short *40*,Stadium,2015-01-02 15:28:38,NnYw3QCPuPNxCinOhMQ0MFYyhB5
TMU,darkevile,Nexus,25,30,12.93,TAttack,3,3/3,Very Short *40*,Stadium,2014-09-28 17:45:45,NnYw3QCPuPNxCinOhMQ0MFYyhB5
TMU,predator_one,הѕс¬  aしy,11,30,12.87,TAttack,3,3/3,Very Short *40*,Stadium,2013-11-14 21:21:18,NnYw3QCPuPNxCinOhMQ0MFYyhB5
TMU,huibuujunge,hanz-otto ///,29,30,12.95,TAttack,3,3/3,Very Short *40*,Stadium,2012-08-14 20:16:54,NnYw3QCPuPNxCinOhMQ0MFYyhB5
TMU,harseuse,הѕс ¬ наяѕ.сав,1,30,14.86,TAttack,5,5/5,Very Short *116*,Stadium,2025-08-30 13:10:59,GfpD3gMD6sNQIHfzSca5JuNXmd0
TMU,alstorm125,הѕс ¬ Alstorm.Law,2,30,14.95,TAttack,5,5/5,Very Short *116*,Stadium,2025-08-30 13:10:59,GfpD3gMD6sNQIHfzSca5JuNXmd0
TMU,fish___chips,הѕс ¬ Ѕоғт.*,9,30,15.23,TAttack,5,5/5,Very Short *116*,Stadium,2025-08-30 13:10:59,GfpD3gMD6sNQIHfzSca5JuNXmd0
TMU,stippah,הѕс ¬ kidcasi,15,30,15.26,TAttack,5,5/5,Very Short *116*,Stadium,2025-08-30 13:10:59,GfpD3gMD6sNQIHfzSca5JuNXmd0
TMU,s_r_w_ts0n,הѕс ¬ ωατѕοи <3,17,30,15.29,TAttack,5,5/5,Very Short *116*,Stadium,2025-08-30 13:10:59,GfpD3gMD6sNQIHfzSca5JuNXmd0
TMU,looky62,הѕс¬ Ѕιмșои,23,30,15.39,TAttack,5,5/5,Very Short *116*,Stadium,2025-08-30 13:10:59,GfpD3gMD6sNQIHfzSca5JuNXmd0
TMU,yohanm77,הѕс ¬ wosile,5,30,15.1,TAttack,5,5/5,Very Short *116*,Stadium,2024-08-31 19:54:31,GfpD3gMD6sNQIHfzSca5JuNXmd0
TMU,vin78,הѕс¬ chinese are watching,16,30,15.29,TAttack,5,5/5,Very Short *116*,Stadium,2024-08-26 13:05:13,GfpD3gMD6sNQIHfzSca5JuNXmd0
TMU,paulmar.35,הѕс ¬ Paulmar.*,3,30,14.97,TAttack,5,5/5,Very Short *116*,Stadium,2020-05-17 15:52:52,GfpD3gMD6sNQIHfzSca5JuNXmd0
TMU,lego_ferry_2,הѕс¬Ғеяяу»Law.,27,30,15.44,TAttack,5,5/5,Very Short *116*,Stadium,2020-05-17 15:52:52,GfpD3gMD6sNQIHfzSca5JuNXmd0
TMU,mik0256190,נин〤mìkou,8,30,15.2,TAttack,5,5/5,Very Short *116*,Stadium,2019-11-22 16:06:24,GfpD3gMD6sNQIHfzSca5JuNXmd0
TMU,le_monstre____,monstre,22,30,15.37,TAttack,5,5/5,Very Short *116*,Stadium,2017-02-23 14:22:38,GfpD3gMD6sNQIHfzSca5JuNXmd0
TMU,jorgono,νѕρ.Anipla|ғฟ๏,7,30,15.2,TAttack,5,5/5,Very Short *116*,Stadium,2014-08-28 18:44:59,GfpD3gMD6sNQIHfzSca5JuNXmd0
TMU,stephaneneves,הѕс ¬ Ѕтерн,14,30,15.26,TAttack,5,5/5,Very Short *116*,Stadium,2014-08-28 18:44:59,GfpD3gMD6sNQIHfzSca5JuNXmd0
TMU,sixfours,» ßश ﾒ..Cacahuète «,29,30,15.47,TAttack,5,5/5,Very Short *116*,Stadium,2014-02-25 21:14:20,GfpD3gMD6sNQIHfzSca5JuNXmd0
TMU,clemhugo,νѕρ.иσ меαи!,24,30,15.4,TAttack,5,5/5,Very Short *116*,Stadium,2013-12-02 19:45:20,GfpD3gMD6sNQIHfzSca5JuNXmd0
TMU,braid65,הѕс¬Ѕαтινα,13,30,15.26,TAttack,5,5/5,Very Short *116*,Stadium,2013-06-25 18:46:57,GfpD3gMD6sNQIHfzSca5JuNXmd0
TMU,e-thug,LeG〢dev,30,30,15.5,TAttack,5,5/5,Very Short *116*,Stadium,2012-10-13 00:10:40,GfpD3gMD6sNQIHfzSca5JuNXmd0
TMU,...vinch...,Лμģι,20,30,15.3,TAttack,5,5/5,Very Short *116*,Stadium,2012-08-22 22:32:25,GfpD3gMD6sNQIHfzSca5JuNXmd0
TMU,thegucci,e.gucci,26,30,15.43,TAttack,5,5/5,Very Short *116*,Stadium,2011-10-05 02:26:35,GfpD3gMD6sNQIHfzSca5JuNXmd0
TMU,oniel6,«мєѕко²,12,30,15.26,TAttack,5,5/5,Very Short *116*,Stadium,2011-09-10 10:41:05,GfpD3gMD6sNQIHfzSca5JuNXmd0
TMU,le_king_de_trackmania,мαяισ!*,28,30,15.45,TAttack,5,5/5,Very Short *116*,Stadium,2011-07-11 13:12:32,GfpD3gMD6sNQIHfzSca5JuNXmd0
TMU,sebmagic2,· Sεbπag!c·,10,30,15.24,TAttack,5,5/5,Very Short *116*,Stadium,2011-06-28 00:51:40,GfpD3gMD6sNQIHfzSca5JuNXmd0
TMU,knut60,Dyn | Legendz,19,30,15.3,TAttack,5,5/5,Very Short *116*,Stadium,2011-06-04 20:06:43,GfpD3gMD6sNQIHfzSca5JuNXmd0
TMU,sonic...,Ŋέ๓έsiई,11,30,15.25,TAttack,5,5/5,Very Short *116*,Stadium,2011-06-02 20:24:04,GfpD3gMD6sNQIHfzSca5JuNXmd0
TMU,knuty_,Nøbødy,4,30,15.06,TAttack,5,5/5,Very Short *116*,Stadium,2011-06-02 13:23:33,GfpD3gMD6sNQIHfzSca5JuNXmd0
TMU,cliff_eischen,ysbucci97,6,30,15.12,TAttack,5,5/5,Very Short *116*,Stadium,2011-04-21 21:58:30,GfpD3gMD6sNQIHfzSca5JuNXmd0
TMU,darkevile,Nexus,25,30,15.43,TAttack,5,5/5,Very Short *116*,Stadium,2011-03-23 07:42:47,GfpD3gMD6sNQIHfzSca5JuNXmd0
TMU,d3clane,Juniσr,18,30,15.3,TAttack,5,5/5,Very Short *116*,Stadium,2011-02-02 14:28:34,GfpD3gMD6sNQIHfzSca5JuNXmd0
TMU,remix59551,הѕс CobesS,21,30,15.37,TAttack,5,5/5,Very Short *116*,Stadium,2011-01-30 18:21:21,GfpD3gMD6sNQIHfzSca5JuNXmd0
